corp_nm,detail
쿠팡 주식회사,[쿠팡] Business Data Analyst (비즈니스 데이터 분석) 경력자
네이버시스템(주),데이터 분석가 Data Scientist 경력자 모집
(주)비스텔,[비스텔] AI/빅데이터-Data Scientist 연구개발 (병역특례 가능)
(주)록스,"(경력) AI 연구원, 빅데이터 연구원 채용"
(주)한국정보공작소,[기업부설연구소] AI 빅데이터 분야 정규직 전문연구원 모집
(주)브릭,데이터분석가(이론위주 연구) 채용
쿠팡 주식회사,[쿠팡] 데이터 분석/엔지니어 경력직 채용
(주)인라이플,[업계1위/최강복지] 빅데이터 분석 및 기획 부문 경력직 채용
(주)인라이플,[업계1위/최강복지] Python / 빅데이터 / AI 개발 직무 인재채용
보맵 주식회사,[빅데이터랩] 데이터 분석가 모집
(주)마크베이스,데이터베이스 소프트웨어 웹 개발자 모집 (신입)
한국표준협회,2020년 5차 정규직원(데이터전문가) 채용
(주)데이터스트림즈,빅데이터 SW개발 및 전문인력 채용
(주)컨셉터스,빅데이터플랫폼 경력직 분야별[개발/디자인/마케팅/총무] 채용
(주)유니콤넷,인공지능(AI)·빅데이터R&D-정부과제 수행 채용(경력 무관)
어니컴㈜,[어니컴(주)] 빅데이터 분석/SW개발/알고리즘개발 모집(경력무관
디앤아이 컨설팅㈜,빅데이터 분석(머신러닝/딥러닝) 컨설턴트 정규직 채용
(주)사람인에이치알,[사람인LAB] 빅데이터 플랫폼 엔지니어 채용
(주)스튜디오갈릴레이,"Python, 교통, 통계, 빅데이터 연구원채용(신입/경력)"
(주)이팝콘,[DS/DA팀] 이커머스 데이터 분석가(신입)
한국 스마트 데이터,[상시모집] KOS DATA 데이터 분석가 신입/경력 모집
(주)마크클라우드,데이터 분석 및 사업 기획 신규/경력직 모집
(주)밀버스,[MILVUS]빅데이터분석 마케팅(신입/경력)
(주)웨다,인공지능(AI)·빅데이터(머신러닝 외 4개 부문) 채용 공고
(주)더블유게임즈,데이터분석 담당자 채용 (신입/경력)
(주)서울의료정보연구소,"데이터 기획 및 마케팅, 데이터 분석, 개발자 모집"
(주)오피니언라이브,빅데이터분석 및 경영지원 경력무관 모집합니다(정규직)
(주)카이어,"딥러닝 머신비전, 빅데이터 연구원 채용 (양재 근무)"
에프알엘코리아(주),EC 팀 Data Analytics (데이터 분석가) 모집
코나아이(주),[코나아이] 데이터 전문인력 채용
(주)바디프랜드,바디프랜드 데이터 분석가(Data Analyst) 모집
라온피플(주),AI응용소프트웨어 개발/빅데이터 프레임워크 운영 및 개발
(주)케이뱅크은행,빅데이터 시스템 개발 담당자 채용
(주)헤리트,에너지서비스 AI/빅데이터 개발자 모집 (병역특례 가능)
㈜인피닉,[경력/가산] AI 학습 데이터 수집 및 운영(관리)
넷마블에프앤씨(주),[넷마블에프앤씨] (구) 넷마블펀 게임 지표파트 데이터 분석가
(주)가이온,[가이온] 빅데이터/AI 관련 업무 신입/경력 채용
(주)지놈앤컴퍼니,연구소 NGS팀 데이터 분석 연구원 채용
(주)나인티나인,"2020년 하반기 건설적산, BIM모델러 / 데이터 엔지니어 채용"
(주)씨티아이랩,"[보안팀, AI팀] 인공지능(AI)·빅데이터 정규직 채용"
(주)두플,"제조 빅데이터 솔루션 개발자 모집 -C#, Java, Python"
(주)에이아이더,"[신입, 경력직] AI, 머신러닝 데이터분석가"
(주)어센트코리아,어센트코리아 기업부설연구소 / 데이터 수집 플랫폼 개발자 채용
주식회사 발란,럭셔리커머스 '발란' 개발 백엔드/웹 개발자/데이터엔지니어
(주)카이팜,"[정규직] 데이터 사이언스 (생명정보학, 화학정보학, 기계학습)"
유한책임회사딜리버리히어로코리아,[Specialist] 라이더 서비스 데이터 분석
(주)에이모,에이모 IT Assistant (인공지능 학습용 데이터 가공) 모집
(주)후씨,ML 학습데이터 전처리/설계/모델튜닝 신입/경력직 채용
(주)더원테크,인공지능 AI 및 빅데이터 분석 업무의 프로그램 개발자 모십니다
(주)큐브릭디지털,빅데이터 AI 분석 개발자 모집
위티,[경력] 데이터 엔지니어/데이터 사이언티스트 모집
(주)빅스터,"빅데이터 분석, 머신러닝, 통계분석, 인공지능 (신입/경력)"
(주)지티씨솔루션,데이터 사이언티스트(Data Scientist) 및 분석 컨설턴트 모집
(주)테서,AI Engineer : 헬스케어 데이터 기반
농업회사법인 라피움 무궁화식품연구소 주식회사,데이터기반 사고로 MD작업을 하실 감각있는 인재님을 모집합니다
(주)옷딜,[ Ai 스타트업 ] 딥러닝ㆍ 데이터 엔지니어 경력개발자 모집
지방자치연구소 주식회사,빅데이터 연구원 모집
(주)지오씨엔아이,공간정보/인공지능/빅데이터/디지털트윈 분야 연구원 채용 공고
아울네스트,"[소프트웨어 개발팀] 빅데이터, 인공지능 개발자 모집 : 정규직"
엔에이치엔(주),[NHN] 데이터 사이언스 및 엔지니어링 경력 채용
오아(주),"광고 데이터 분석 담당자 채용(네이버, 카카오 등)"
(주)웹젠,[전문연구요원] 빅데이터 엔지니어 채용
(주)휴넷,2020년 ㈜휴넷 데이터엔지니어 경력직 모집
라인게임즈 주식회사,[라인게임즈] 데이터분석가 모집
(주)제이엘케이,인공지능(AI)·빅데이터 정규직/병역특례 모집(상시채용)
(주)카젠,데이터베이스 관련 인턴직 채용
(주)베가스,2020 하반기 데이터분석 전문가 신입·경력·전문연구요원 모집
라인파이낸셜플러스(주),[LINE FINANCIAL] Fintech 데이터 분석 전문가 (Data Scientist)
(주)가이온,"가이온 빅데이터/AI 연구소 신입, 경력 채용"
한국축산데이터(주),[한국축산데이터] AI(Computer Vision) 연구원 모집 (전문연구요
(주)노티플러스,뉴스픽 전략 및 데이터 분석 모집 공고
(주)데이터디자인엔지니어링,빅데이터 서비스 개발팀 신입/경력 (Frontend / Backend) 채용
(주)헤일로에이트,[헤일로에이트] 빅데이터/AI 기반 데이터 분석가 채용
메이븐클라우드서비스(주),"데이터모델링, 데이터시각화 개발자 모집"
(주)지우컴퍼니,"LAB543에서 데이터분석가를 모십니다 (신입,경력 무관)"
로스토리(주),로스토리(주) 데이터사이언티스트 신입 및 경력직 채용중
주식회사 브레인벤쳐스,인공지능(AI)·빅데이터 정규직/인턴직 모집 공고(각 분야별)
(주)미스테리코,"[청년디지털일자리사업] 파이썬 인공지능(AI), 빅데이터 개발"
메이븐코리아(주),"데이터 모델링, 데이터 시각화 개발자 모집 (신입, 경력)"
콘센트릭스서비스코리아(유),[디지털마케팅전문/콘센트릭스] 데이터분석(Data Analyst) 경력
유로인스트루먼츠,"신입  S/W프로그램머, 제품 컨설턴트, 데이터플랫폼 엔지니어"
(주)에이치알비즈코리아,세계적인게임사/[재무] 게임 데이터분석 담당/8년이상
(주)잡뉴스솔로몬서치,놀이시설기업 CRM 데이터분석 운영구축 대리과장급 경력자
(주)맨토스파워,[IT중견기업] 빅데이터(검색엔진) 채용/대리-차장급
(주)솔트룩스,인공지능(AI) 전문기업 솔트룩스 - 데이터사이언티스트
(주)코리아폴리스쿨,교육 빅데이터 시각화 전문가 채용
이크레더블,(주)이크레더블 데이터분석가 경력직 채용
(주)비아이씨엔에스,클라우드 데이터 레이크 구축 개발자 모집
(주)맨파워그룹코리아,[유명대기업]데이터 분석 경력직
(주)티몬,[티몬] 빅데이터 엔지니어
(주)비아이매트릭스,데이터분석 솔루션 개발자(python) 채용
디지털퍼스트 주식회사,AD-Tech 미디어렙 '디지털퍼스트' 데이터분석가 영입
(주)잡뉴스솔로몬서치,python 인공지능 API 빅데이터보안연구 1년이상 경력자
㈜에이치알맨파워그룹,빅데이터 개발 PL - 대기업 계열 IT 서비스 개발 운용사
HR컨설팅(주),[유명게임사] BI / 데이터 엔지니어링 담당 (2년-8년)
㈜에이치알맨파워그룹,글로벌 외국계 소비재 대기업 Data Scientist 데이터분석 마케팅
브랜드미,[빅데이터솔루션팀장] 대기업 계열사 빅데이터솔루션팀장 채용
비코어(주),빅데이터 엔지니어 채용 공고(경력)
(주)헬로서치,유명 포털 데이터 엔지니어 매니저급 채용
(주)헬로서치,유명 포털 데이터 엔지니어 매니저급 모집
주식회사 유저해빗,백엔드 개발자 (데이터 엔지니어) Senior
지속가능발전소(주),지속가능발전소 Data Scientist(데이터분석) 경력직 채용
(주)코드와이즈,빅데이터 (엘라스틱서치) & ML (엘라스틱 ML) 전문가 신입/경력
휴먼파워컨설팅 (주),물류대기업 - 빅데이터 AI 전문가
(주)프로매치코리아,(급) 디지털마케팅 - 빅데이터 솔루션 (팀장급)
(주)갤리언컨설팅그룹,[데이터 분석가 경력자] 유명 상장기업 인재 채용
(주)갤리언컨설팅그룹,[데이터 엔지니어 경력자] 유명 상장기업 인재 채용
(주)인이지,AI기반 시계열 데이터 예측 전문기업
(주)서원정보,2021 상반기 빅데이터/Oracle/클라우드外 경력 채용
(주)모아데이타,빅데이터 플랫폼 데이터 수집 개발자 모집 (경력)
(주)이넘넷,데이터 분석 및 응용 소프트웨어 개발자 개발자 모집
(주)에이치알비즈코리아,IT 회사 데이터 분석
(주)에이치알비즈코리아,IT 대기업 계열사 빅데이터 플랫폼 상품개발
에임커리어(주),빅데이터(경력직)
에스에프인촌,데이터 분석 및 시각화 경력인재 채용 - 글로벌 우량대기업
에스에프인촌,데이터 분석 전문가 채용 - 우량대기업
에스에프인촌,글로벌대기업 - 데이터 분석 전문가 경력채용
에이피써치,[외국계 소비재] 데이터 분석 (SAS or SQL) / 대리 말~차장급
(주)카이모바일,웹서비스 및 데이터 분석 시스템 개발 (신입 / 경력)
(주)엘젠아이씨티,AI 빅데이터 챗봇 전문가가 되고자 하는 열정적인 개발자 모집
파워에이치알,"[주요SI 대기업] 데이터 분석(Data Scientist, 2개포지션)"
파워에이치알,[대기업] B2C분야 데이터 기반 마케팅기획/컨설팅
파워에이치알,[주요 SI기업] 빅데이터 컨설팅(데이터컨설턴트)
파워에이치알,[주요 SI기업] 데이터엔지니어(빅데이터 프로젝트 수행)
(주)브레인커머스,[유망 AI 스타트업] 데이터 운영 기획
(주)엘씨벤쳐스,"데이터분석 ,   그로스해킹,   마케팅 PM 전문가를 모십니다"
커리어앤컴퍼니,"빅데이터, 인공지능(AI) ..DATA SCIENTIST"
(주)코어포인트,"AI(인공지능)/빅데이터 전문인력, 블록체인 전문인력 채용(차장,"
(주)투비파트너즈,[IT 그룹계열사] 클라우드 빅데이터플랫폼 상품개발
(주)컨셉터스,빅데이터 및 AI기반 마케팅플랫폼 마케터/ 기획자 경력직 모집
(주)엔브레인,AI헬스케어 기업 의료데이터 시각화/분석가/ 경력 모집
라이트스텝스,[유니콘기업] 데이터프로덕트 서버개발자
(주)케이맨파워,"[최고대우] Data CRM (멤버십 프로모션, 데이터 분석)"
(주)케이맨파워,[대기업] 데이터 엔지니어링
(주)브이비젼,[AI 머신비전 시스템기업] 빅데이터 담당 채용
에이스파트너스,[10대그룹사] 데이터 사이언티스트 채용
(주)케이맨파워,[대기업] 데이터 기획
주식회사 트러스트브릿지,[국내 대기업] 데이터 마케팅 팀장급(Data Scientist)
에이치알포유(주),[중견 게임기업] BI기획팀 게임 데이터분석 담당 경력
"주식회사 비긴메이트(Beginmate Co. ,Ltd,)",[비긴메이트] Node.JS 개발자 / 데이터사이언티스트 채용
토니서치,"[대기업관계사] 데이터 엔지니어 (Hadoop, Spark)"
한스컨설팅,청담동 위치 국내 1위 수입차딜러사 전산팀 데이터분석 대리급
(주)넷타겟,"(주)넷타겟 연구원 채용(화학정보, 데이터과학, 소프트웨어개발)"
(주)에닉스원,"응용프로그램 팀장, 개발자(JAVA, Spring, DBMS, 빅데이터)"
비플라이소프트(주),비플라이소프트(주) 미디어빅데이터분석연구소 정규직 채용
(주)포어링크,"빅데이터(Hadoop, HiveSQL) 개발자 모집"
(주)에이엔게임즈,데이터 엔지니어 모집
(주)위메프,[개발]E-Commerce 데이터 엔지니어/NLP개발자(정규직)
(주)아름다운화장품,SNS 온라인 데이터 분석 디지털 마케터 채용
(주)잡뉴스솔로몬서치,"제조 빅데이터 서비스포털 플랫폼 개발 (수석급), 강남구"
(주)토이스미스,데이터 분석 경력자 채용
(주)타파크로스,소셜빅데이터 기술연구소 시스템 개발 연구원 채용공고
(주)갤리언컨설팅그룹,[글로벌 게임 통계 TOP 기업] 데이터분석가(컴퓨터비전연구)
베스핀글로벌(주),Cloud Security Service 개발 - 데이터처리(경력 5년 이상)
(주)퍼즐데이터,퍼즐데이터 서비스 기획자(Product Manager) 채용
(주)여기어때컴퍼니,[여기어때] 데이터인사이트팀 데이터분석가 채용(경력)
(주)모아데이타,AI Laboratory 데이터 분석가(석사 이상) 모집
(주)여기어때컴퍼니,[여기어때] 데이터 엔지니어 (DBA/DW구축) 채용
(주)인큐브시스템,[대기업 계열사] 데이터 네트워크 운영
매드업,[테크사업부] 데이터 사이언티스트 채용
(주)데이터리퍼블릭,인공지능/빅데이터 개발자(Django + PyTorch)
(주)언빈,2021년 상반기 인공지능 영상인식 개발및 데이터 운영직원 모집
(주)더라이징스타헤딩,[헤딩머니100만원] 데이터 과학자 모집(3년 이상)
(주)더라이징스타헤딩,[OPGG] 데이터 분석가
반석써치(주),빅데이터 개발팀(과장-차장) -코스닥상장기업
피앤제이컨설팅,백엔드 개발자 (데이터 엔지니어) 채용
스카우트피플,데이터 사이언티스트 경력자 채용.  경력 3~9년 이상.
(주)엔브레인,(빅데이터) 의료영상/데이터를 이용한 질병예측 개발자 모집
굿커리어,대기업 빅데이터 분석(경남) 대리급 구함(굿커리어)
맨파워스카우트,대기업 빅데이터 전문가
(주)컨셉터스,빅데이터플랫폼 웹 Back-end (백엔드) 경력개발자 모집
(주)컨셉터스,빅데이터 플랫폼 iOS APP (아이폰앱) 경력개발자 모집
(주)컨셉터스,빅데이터 플랫폼 응용프로그램 경력개발자 모집
라이트스텝스,[유니콘기업] 데이터분석가
(주)우림아이씨티,AI 머신비전 데이터 엔지니어 모집
베스트네트워크㈜,3. 빅데이터 경력직 (대리/과장급) 채용 [외국계 금융사]
KY컨설팅그룹,[마포구/ 지도데이터 전문기업]기술연구소장(센터장) 초빙
KY컨설팅그룹,지도데이터 기술스타트업 기술연구소장(센터장) 모집
휴머레인컨설팅,긴급) 그로스해킹&데이터분석 - 최고 대기업 - 최우대
휴머레인컨설팅,긴급) 최고 대기업 - 그로스해킹&데이터분석 - 최우대
(주)비츠로테크,비츠로그룹 경력직(정보DB화-Data 수집/분석) 모집
(주)펄핏,Data Team Lead 채용
쿠팡 주식회사,[쿠팡이츠] Data Analyst 경력직 채용 (신입 가능)
(주)알고리고,알고리고에서 Data Scientist를 모십니다(전문연구요원 가능)
(주)테스트웍스,[테스트웍스] AI 서비스 Data manager 채용 신입가능
(주)삼성라이온즈,DATA 전력분석 경력직 채용공고
에스케이하이닉스(주),[경력] NAND Data분석 경력사원 채용
존슨앤드존슨,[한국얀센] Data Scientist
(주)베스파,[베스파] 마케팅 부문별(기획/Data Analyst/영상) 인재 모집
(주)마인즈앤컴퍼니,"[정규직] 인공지능(AI) ML engineer, Data Scientist 채용"
(주)더라이징스타에스,[외국계기업] Data analyst (신입-대리)
(주)맨파워코리아,[금융지주연구소] Big data scientist
(주)카비,전문연구요원 채용: Data Scientist /영상인식/알고리즘 개발
(주)티몬,[티몬] Data Scientist
(주)헬로서치,유명 모바일앱 개발사 Data analyst 팀장급 모집
(주)어센트코리아,(주)어센트코리아 Data Marketing Director 채용
에스에프인촌,경영전략/Data Scientist 경력인재 채용 - 글로벌 우량대기업
에스에프인촌,Data Scientist 경력인재 채용 - 글로벌 우량대기업
에스에프인촌,글로벌대기업 - Data Scientist 경력인재 채용
(주)인큐브시스템,[대기업계열사]  Data Scientist 경력직 채용
(주)인큐브시스템,[대기업계열사]  Data Architect 경력직 채용
(주)인큐브시스템,[외국계 대기업]  Data Scientist 경력직 채용
(주)인큐브시스템,[외국계 대기업]  Big data Analysis Consultant 경력직 채용
(주)파운트,[핀테크] 파운트 Backend/Data Engineer 채용
(주)싱크테크노,(주)싱크테크노 경력직 DATA Scientist 채용
(주)브레인커머스,[유망 AI 스타트업] Data Scientist
터닝포인트HR,[포털 자회사] Data Analyst 채용
(주)코어포인트,"XAI(AI), Data Scientist 전문인력 채용(차장급-대리급, 10여명)"
안진회계법인,[Deloitte] 회계감사본부 Data Specialist 모집
(주)스카우트,마케팅 데이타 분석 컨설턴트 (국내 최고대기업 계열)
(주)에이치알맨파워그룹,IT 대기업 Data Scientist(컨설턴트) 경력 채용
(주)에이치알맨파워그룹,IT 대기업 Data Scientist(분석가) 경력 채용
(주)씨앤에이코리아,[코스닥상장 중견그룹사] Data Engineer 모집 (2명)
(주)씨앤에이코리아,[코스닥상장 중견그룹사] Data Scientist 채용 (대리~차장급)
프로페셔날핸즈인핸즈코리아(주),"05. IT Data Analyst (대리/과장급) - 대시보드,Visualization"
(주)잡뉴스솔로몬서치,"대기업) 로봇 Data 분석 및 설계 (과장-차장급), 수원시"
커리어앤컴퍼니,Data Scientist
휴머레인컨설팅,긴급) 업계 최고기업 - Data Scientist (추천시스템 전략)
휴머레인컨설팅,긴급) Data Scientist (추천시스템 전략) - 업계 최고기업
(주)메쉬코리아,[메쉬코리아(부릉)] Data Scientist 채용
(주)메쉬코리아,[메쉬코리아(부릉)] Data Infra Ops 경력직 채용
(주)메쉬코리아,[메쉬코리아(부릉)] Senior Data Engineer 경력직 채용
㈜카푸스아이앤티,메타데이타 혹은 데이타품질관리  컨설팅 및 프리세일즈
(주)메쉬코리아,[메쉬코리아(부릉)] Senior AI Data  Scientist 경력직 채용
(주)메쉬코리아,[메쉬코리아(부릉)] Lead Data Scientist 경력직 채용
리레코코리아㈜,[외국계기업] Commercial Data Analyst
(주)컴투스,[컴투스/게임빌컴투스플랫폼/게임빌] 각 부문별 채용
(주)뉴트리원,2020년 하반기 각 부문 신입/경력 채용
오스템임플란트(주),2020 오스템임플란트 각 분야 채용공고
(주)씨젠,IT인재 대규모 채용
이투스교육(주),2020 이투스교육 블라인드 공채
(주)에스티씨랩,㈜에스티씨랩 2020년 공개채용
롯데정보통신(주),2020(하) 12월 IT직무 경력사원 채용
(주)아이스크림에듀,㈜아이스크림에듀 마케팅/콘텐츠/영업/관리 직군 채용
참엔지니어링(주),2020년 하반기 각 부문별 신입/경력 채용
(주)모아저축은행,모아저축은행 경력직 채용 안내
(주)마크로젠,㈜마크로젠 각 부문 신입/경력 직원채용
(주)로지올,[생각대로] 전국1위 배달 플랫폼 연구소/지역사업실 모집
(주)온누리아이코리아,[브랜드 스타트업] 온누리아이코리아 부문별 채용
현대에너지솔루션(주),현대에너지솔루션  '21년 경력 사원 모집
(주)디알텍,2020년 하반기 신입 및 경력채용
(주)인텔리빅스,2021년 각 부문별 신입 및 경력사원 공개채용
(주)NSHC,웹 크롤링 엔진 개발자 신입 및 경력 채용
(주)펄핏,Product Manager 채용공고
현대무벡스(주),현대무벡스㈜ 부문별 경력사원 상시 모집
(주)데이터마케팅코리아,"인공지능 마케팅 솔루션, 백엔드 엔지니어(경력)"
(주)데이터마케팅코리아,"인공지능 마케팅 솔루션, 백엔드 엔지니어(신입)"
드로닉(주),"벤처기업 드로닉 IoT 개발자 채용(C, Java)(비상주 가능)"
(주)룰루랩,룰루랩(삼성전자C-lab) 전문연구요원 채용-AI 알고리즘
뉴로핏 주식회사,뇌 의료영상을 이용한 뇌 자극 시뮬레이션 연구원 모집
(주)농협정보시스템,"(주)농협정보시스템 정규직(경력,신입) / 계약직 직원 모집"
현대글로비스(주),현대글로비스 전문인력 상시채용 (부문: 신사업/연구소)
바이브컴퍼니,(경력)소셜분석 보고서 담당자 채용합니다.
(주)잉카인터넷,연구개발 기획 및 시스템 분석/설계
바이브컴퍼니,"FT LAB에서 파이썬, 웹 어플리케이션 개발자 채용합니다."
(주)엣지랭크,디지털 퍼포먼스마케팅 (경력/신입) 모집
(주)아이스크림에듀,㈜아이스크림에듀 개발/기획 직군 채용
(주)브이씨,2021년 상반기 각 부문별 채용 공고
㈜더아이엠씨,더아이엠씨 2021년 상반기 정기 채용(지원부서 명시)
(주)인라이플,[업계1위/최강복지] 딥러닝 및 머신러닝 부문 연구개발자 채용
(주)인라이플,[업계1위/최강복지] 웹 서비스 기획 부문 인재채용
메가존클라우드(주),[메가존클라우드] 2020 하반기 Tech 부문별 대규모 채용
(주)유펜솔루션,[유펜솔루션] 백엔드/웹 크롤링/머신러닝 개발 및 연구
주식회사 포티투마루,[청년디지털일자리] 인공지능 QA개발(머신러닝/검색/SW엔지니어)
(주)디엑솜,"(주)디엑솜 공개채용 [제품개발 연구원,학술지원,기술지원,RA/QA,Bioinformatics,합성팀]"
(주)포티투마루,[포티투마루] 인공지능 기술 특허관리 담당 채용(신입/경력)
(주)포티투마루,[포티투마루] 인공지능 개발 프로젝트 PM 채용(경력)
주식회사 포티투마루,[청년디지털일자리] 인공지능 서비스 신입/경력 기획자 모집
(주)마인즈랩,AI Software Developer 채용
(주)데이터마케팅코리아,"인공지능 마케팅 솔루션, 프론트엔드 엔지니어(신입)"
(주)데이터마케팅코리아,"인공지능 마케팅 솔루션, 프론트엔드 엔지니어(경력)"
리메이크디지털(주),퍼포먼스 마케터(Performance Marketer) 경력자 채용
(주)테스트웍스,[테스트웍스] AI 서비스 플랫폼 PL 경력자 긴급 채용
(주)시큐레이어,2020년 기술연구소 채용 [인공지능(AI) 개발자]
(주)브릭,C# 개발자 채용
(주)피플리,잘나가는 스타트업에 최적화된 서버 경력 개발자를 모집합니다
(주)피플리,잘나가는 스타트업에 최적화된 안드로이드 경력 개발자를 모집합
(주)피플리,잘나가는 스타트업에 최적화된 iOS 경력 개발자를 모집합니다
(주)코리아센터,Python 웹 개발자 채용
㈜다임즈,AI 딥러닝 개발자 충원
주식회사 해줌,프론트엔드 개발 전문가 채용
(주)아와소프트,"웹(JAVA,JSP), Python, 기획/설계 경력자 인원모집"
(주)스쿨버스,세이프 스쿨버스 서버 및 클라이언트(flutter) 개발자 채용
(주)에이다스원,안드로이드 앱 개발자 모집 (신입/경력)
(주)에프에스솔루션,자율주행 영상처리 / 딥러닝 연구원 모집 (신입/ 경력)
(주)인텔로이드,음성인식 전문기업 (주)인텔로이드 AI플랫폼 개발자 채용
메디픽셀,[병특/일반] 의료 인공지능 전문연구요원 채용 (메디픽셀)
메디픽셀,인허가 매니저 (Regulatory Affairs Manager) 채용
(주)비주얼,[경력] 주얼리 커머스 IOS 앱 개발자 채용
주식회사 포티투마루,[포티투마루] 전문연구요원 병역특례 개발자 모집
셰어라운드(주),정부 R&D 과제 책임자(석사이상/경력)
(주)포티투마루,[포티투마루] 인공지능 B2B서비스 UI/UX 디자이너 채용(경력)
주식회사 포티투마루,[포티투마루] 인공지능 챗봇솔루션 플랫폼개발 채용(경력)
(주)와이디생명과학,[에일론] 인공지능 기반 신약개발
(주)포티투마루,[포티투마루] 인공지능 서비스 기획자 채용(경력)
(주)포티투마루,[포티투마루] 신규 인공지능 서비스 기획자 채용(신입/경력)
주식회사 포티투마루,[포티투마루] 인공지능 프론트엔드 개발 채용(경력)
워크브레인(주),가상화 보안 / IoT / 머신러닝 개발자 채용
(주)마인즈랩,[인공지능 전문기업] 마인즈랩 산업기능요원(현역) 공개 채용
뉴로핏 주식회사,의료영상처리 인공지능 엔지니어 정규직 모집
바이오에이아이,약물 딥러닝 연구원 모집
주식회사 디로그,"인공지능(AI), 응용프로그램 및 웹 개발자 모집"
디아이티(주),"AI기반 비전SW 개발,기구설계,제어 인력채용"
(주)페이타랩,IT 스타트업 '패스오더'와 함께 할 개발자 찾아요 [5개직군]
(주)이지서티,[신입/경력] JAVA 개발 / C개발 / 분석서암호화 모듈 개발자채용
에스케이플래닛(주),각 부문 경력사원 채용
(주)테스트웍스,[테스트웍스] 각 부문 신입 · 경력 채용
클라우드그램(주),[클라우드그램] 2020년 하반기 각 부문별 채용
메가존(주),[펜타클] 각 부문별 채용
메가존(주),[메가존] 각 부문별 채용
(주)스타마타,부문별 정규직&계약직 모집 공고
메가존클라우드(주),[메가존클라우드] 2021 상반기 신입 채용
(주)사람인에이치알,[사람인LAB] 인공지능(AI) 연구원 채용
(주)중고나라,[중고나라]정규직 부문 채용
메가존(주),[메가존] 하반기 부문별 채용
이투스교육(주),[이투스교육㈜] 12월 개발자 신입/경력 정규직 채용
(주)토니모리,[(주)토니모리] 각 부문별 경력직 채용
(주)웹젠,[웹젠ㅣ웹젠온네트ㅣ웹젠레드코어] 수시채용
메가존클라우드(주),[메가존클라우드] 기술(Tech)직군 모집공고
(주)온코크로스,SW 개발자 정규직 채용
패스트캠퍼스(주),[패스트캠퍼스 FCL] 각 부문별 정규 채용
(주)두잉랩,[Tech Startup 두잉랩] 딥러닝/iOS/프론트엔드 개발자 및 디자인
(주)플래티어,2021 상반기 경력사원 공개채용
(주)동아엘텍,[㈜동아엘텍] FW설계 및 HW설계 경력 채용
(주)씨이랩,2020년 하반기 신입/경력 상시채용
캐롯손해보험(주),캐롯손해보험 12월 경력직 상시채용
라온피플(주),AI 머신비전 응용프로그램 개발/AI 검사장비 개발
(주)모비젠,2020년 하반기 (주)모비젠 부문별 경력 모집 공고
네이버클라우드(주),[네이버클라우드] 2020년 엔지니어부문 경력사원 모집
파킹클라우드(주),[파킹클라우드]연구소 부문별 채용
㈜영림원소프트랩,"(주)영림원소프트랩 R&D 개발자 모집(신입,경력 무관)"
(주)케이비저축은행,KB저축은행  IT부문 경력직(정규직) 수시 채용
(주)엔에이치엔에이스,2020년 하반기 각 부문 경력 채용
씨제이포디플렉스(주),CJ 4Dplex [스마트솔루션팀] SW 개발 각 부문 경력사원 채용
(주)카카오커머스,[카카오커머스] 기술직군 모집
중앙일보(주),뉴스서비스실 디지털(기획/개발/디자인) 직군 경력사원 상시채용
(주)노보믹스,㈜노보믹스 바이오인포매틱스 BI 채용
(주)제스큐,제스큐 하반기 각 부문 정규직 채용
(주)크레스콤,소프트웨어 개발(인공지능/웹개발/서버개발) 경력 채용
인비즈써치,국내 대형증권사 IT 개발 전부문 경력자 모집
올커리어,"Python, 머신러닝, TensorFlow外 정규직 채용(경력&신입)"
(주)수성엔지니어링,기업부설 기술연구소 웹 개발 엔지니어 채용
(주)비즈테크파트너스,IT 인프라 운영 및 클라우드 TA/SA 채용
(주)유호스트,[LG그룹/상암] LG CNS 클라우드 어드민 정규직 채용
네이버클라우드(주),[네이버클라우드] 2020년 사업부문 경력사원 모집
이타스코리아(주),[이타스코리아] Security Consultant_정규직 채용
(주)투라인코드,Backend / Frontend 개발자 모집
(주)피플멀티,"기술영업 / SW개발,유지보수 경력직원 채용"
(주)공팔리터,AI Labs 리더 경력 채용
HR컨설팅(주),10대 대기업 IT계열사 IT경력직 각 부문별 채용 4년~20년
데이터플로,딥러닝 이미지 영상 처리 연구개발 (정규직/계약직)
(주)나투,인공지능형 플랫폼 개발 지원 및 의료 DB 입력 분석
(주)어센트코리아,"마케팅 분석, 전략, 콘텐츠 전문가 채용 / (주)어센트코리아"
(주)어센트코리아,어센트코리아 기업부설연구소 / 자연어처리 개발자 모집
(주)넥스트코어테크놀로지,[넥스트코어테크놀로지] 부문별 정규직 모집(인재선발)
(주)넥스트코어테크놀로지,영상 딥러닝 오픈소스 활용 솔루션 개발자 모집( Python우대 )
(주)힘난다,개발팀 기업부설연구소 - 맞춤형 건강 간편식 제안 서비스 제공
(주)시스메틱,신입/경력 파이썬 벡엔드 및 인공지능 개발자 모집
(주)피노맥스,"인공지능(AI), 머신러닝 연구원 정규직 모집(경력 2년 이상)"
(주)메디치소프트,"R&D 파이썬 개발 신입, 경력 채용 공고 - 정규직"
(주)바디프랜드,바디프랜드 헬스케어 콘텐츠 기획/운영 에디터 모집
(주)유비온,[유비온] 에듀테크 R&D센터 연구원 채용
(주)휴넷,2020년 ㈜휴넷 AI R&D (자연어 처리 연구개발) 부문 경력직 모집
(주)웅진씽크빅,에듀테크연구소 학습분석가(박사급 정규직 연구원) 모집
(주)엔에이치엔다이퀘스트,[NHN다이퀘스트] 검색엔진(JAVA) 유지보수/기술지원 모집
(주)데이타게이트코리아,솔루션 Engineer 모집
(주)이글루시큐리티,인공지능 어플리케이션 프론트엔드 개발 채용
㈜이글루시큐리티,2020 하반기 Python/API/Linux 개발 경력 채용
(주)주원,"2021 상반기 영상기반 응용프로그램 개발 신입 채용(연봉3,300)"
(주)딥노이드,"인공지능, 의료영상 연구원 모집[경력, 병역특례 지원가능]"
(주)카카오페이,[카카오페이] MySQL 담당자 영입
(주)에이아이매틱스,[에이아이매틱스] 전문연구요원(병역특례)채용
(주)마크티,마크티 기술연구소 개발자 모집
(주)큐픽스,[전문연구요원] 컴퓨터비전/딥러닝/SLAM 알고리즘 개발
지식시스템㈜ KSTEC Inc.,[KSTEC] SW 프로그래머 신입 및 경력사원 채용
지식시스템㈜ KSTEC Inc.,[KSTEC] 통계/Analytics 신입 및 경력사원 채용
지식시스템㈜ KSTEC Inc.,[KSTEC] RPA 시스템 개발 신입 및 경력사원 채용
주식회사 오픈소스컨설팅,[오픈소스컨설팅] 각 부문 엔지니어 채용(신입/경력)
헬리오센(주),헬리오센(주) 각 부문별(GIS/Web/AI/Unity3D/3D) 신입/경력 채용
유한책임회사딜리버리히어로코리아,[Sr.Specialist] 디지털 마케팅
유한책임회사딜리버리히어로코리아,[Manager] 디지털 마케팅
(주)지피지기소프트,2020 하반기 공채 : 스마트시티사업부분 신입/경력직
(주)뷰노,"[뷰노] 의료영상, 생체신호, 음성인식 ML/DL 연구원을 찾습니다"
(주)에이조스바이오,"인공지능(AI)기반 신약개발 플랫폼 개발, MSL 모집 공고"
(주)브이엔티지,[신입] DT 프로젝트 기획 담당자 모집
(주)오피지지,Performance Marketing Manager 경력 채용
(주)오피지지,Marketing Communication Manager 경력 채용
(주)허그케어앤테라퓨틱스,AI 분야를 같이 연구할 SW 개발자를 모십니다.
(주)딥엑스,(주)딥엑스 AI / HW 엔지니어 수시 모집
(주)딥엑스,(주)딥엑스 AI / SW 엔지니어 수시 모집
주식회사 리본소프트,머신러닝/딥러닝 엔지니어 채용
(주)트랜스코스모스코리아,[월250만/영어농통자] MS 클라우드서비스(Azure) 기술지원 담당 MJq5
효성ITX(주),"[효성ITX] Product Manager(PM), New Business Strategy"
씨젠의료재단,(재)씨젠의료재단 AI연구팀 전문인력 채용
(주)라이프사이언스테크놀로지,생체 신호처리 알고리즘 설계 경력개발자 모집
젠틀몬스터,[젠틀몬스터] GENTLEMONSTER LAB 로봇 모션 제어
젠틀몬스터,[젠틀몬스터] GENTLE MONSTER LAB 대화형 인공지능 서비스 개발
(주)펨트론,"기업부설연구소 (응용프로그래머, 영상처리, AI) 전문연구요원"
(주)펨트론,"응용프로그래머 및 머신비전, 알고리즘, 영상처리 개발자"
(주)오픈베이스,AI 엔지니어
㈜IDS&TRUST,[대웅그룹 자회사] RPA 개발 및 유지보수 경력직 채용
(주)이노그리드,[이노그리드] 클라우드 솔루션 기술지원 채용
라온피플(주),AI 머신러닝 R&D 부문 전문연구요원[병역특례] 모집
라온피플(주),AI 자율주행 제어 시스템 개발
(주)알티캐스트,모빌리티 플랫폼 백엔드 개발 경력 채용
(주)스마트비전텍,AI 알고리즘 및 S/W개발
(주)아크릴,"AI, 인공지능 개발자 모집"
현대엠엔소프트,[신입] 지도 DB 설계/개발
(주)노루홀딩스,노루그룹 지주사 IT기획/관리 경력사원 모집
(주)헥사팩토리,드론 및 무인이동체 개발 외 3개 부문 정규직 채용
주식회사 핀텔,[2021년 상반기 공개채용] 교통공학 및 관련전공자 모집
메가존클라우드(주),[메가존클라우드] Azure 부문별 채용
(주)퓨처로봇,[기술연구소] 자율주행로봇 S/W 개발자 모집
(주)뷰온,(병역특례) 전문연구요원 AI  / 알고리즘 / SW개발
(주)비트나인,[비트나인] DB엔지니어 신입 또는 경력직 채용
(주)미디어그룹 사람과숲,웹(JAVA) 개발자 / AI개발자 경력모집
주식회사 핀텔,R&D 본부 딥러닝 개발자 정규직 채용
코가플렉스(주),컴퓨터비전 기반 스마트팩토리 공장자동화 S/W 신입 개발자 채용
(주) 웨이츠,소트프웨어 개발자 모집 공고
켐아이넷(주),인공지능(Python) 개발자 모집 (청년디지털일자리사업)
(주)크레스프리,시스템 엔지니어 채용
(주)디딤센서,㈜디딤센서 H/W & S/W 개발 경력 모집
(주)디케이테크인,[카카오 자회사] 카카오 공동체 서비스 백엔드 개발자 모집
(주)디케이테크인,[카카오 자회사] 카카오 공동체 자연어처리/AI기반 서비스 개발
(주)이타즈,[AI연구소/정규직] AI 신입 연구원 채용 공고
(주)데이터리퍼블릭,"공익을 위한 연구/개발 (인공지능, 블록체인/ 재택, 겸직 가능)"
(주)소이넷,인공지능 연구/개발자 채용
(주)제이투씨,함께 즐겁게 일할 AI 엔지니어를 찾습니다.
(주)슈프리마,[슈프리마] 인공 지능 소프트웨어(SW) 개발
(주)앨리스헬스케어,백엔드 엔지니어(경력/인턴)
이지지아이에스(주),Python 개발자 모집
(주)신화아이푸드,(주)신화푸드 [사내 ERP 구축] 경력직원 채용
메디사피엔스(주),인공지능(AI)&자연어처리(NLP) 외 정규직 채용
(주)디퍼아이,딥러닝 솔루션 개발자 채용
굿커리어,"유명 대기업 AI, 딥러닝, 컴퓨터 Vision 등 AI 유관분야 연구"
디디앤스토리지코리아,[신입/경력]리눅스 시스템 엔지니어
(주)네오헬스테크널러지,"R&D(회로설계, SW, 펌웨어) 엔지니어를 모십니다. (서울지역)"
(주)넥스리얼,AI 영상처리 SW 개발  정규직&인턴직 모집
(주)광개토연구소,프로그램 개발자 채용
㈜코리아서버호스팅,코리아서버호스팅 R&D DevOps 채용 공고
(주)글로비즈,[정규직/전문연구요원] Firmware/Embedded Application 개발자
(주)마이티하이브한국,"Mightyhive Korea, Lead Technical Solutions Engineer"
(주)마이티하이브한국,"Mightyhive Korea, Technical Solutions Engineer"
엔에스원소프트(주),웹-소프트웨어 개발(경력)Spring Java GIS C/C++ BigData Python
(주)엠투아이티,엠투아이티 신입 개발자 채용
(주)이앤에프어드바이저,[EnF] 연기금 자산운용전략 컨설턴트 모집
미식의시대,ML Engineer
(주)베스트에치알 (Best HR),대기업 계열 화학회사 정보전략팀(대리급)
(주)갤리언컨설팅그룹,[글로벌 리뷰 플랫폼] AI Labs 리더
(주)이타즈,[AI연구소/정규직] AI 연구원 채용 공고
이지스케이(주),인공지능 및 Python 개발자 채용
(주)더원테크,DB 설계 및 SQL 개발 경험자 모십니다.
(주)인큐브시스템,[대기업계열사]  Pre-sales 경력직 채용
(주)스카우트파트너스,[유명 이커머스 기업]광고 플랫폼 개발
에이치알코어스,BI / DW 담당자 (대리-과장급)
펀드블록글로벌(주),"부동산 금융 프롭테크 '펀드블록' 퀀트, 머신러닝 경력 공개채용"
아울네스트,[비즈니스 분석팀] IT 컨설턴트 채용 : 정규직
(주)인슈로보,모바일 및 웹개발자 경력 모집 (시니어)
(주)아우름플래닛,AI Engineer(NLP) 모집
(주)브이엔티지,서비스/플랫폼 기획자
게이전가오스,주니어 안드로이드 개발자 채용합니다.
에이스파트너스,[10대그룹사] 홈에너지관리시스템 SW Cloud DB개발 부문 채용
(주)쓰리디 포커스,"영상처리, Computer Vision 분야의 개발자를 찾습니다"
비플라이소프트(주),비플라이소프트(주) 서비스개발팀 개발자 정규직 채용
펜타시스템테크놀러지㈜,JAVA 개발자 경력 채용
(주)맨토스파워,[IT중견기업] JAVA플랫폼 개발 경력직 채용
㈜환경과학기술,인공지능 솔루션 개발
스냅스,인공지능(AI) 소프트웨어 개발
엠아이큐브솔루션(주),연구원 경력직 수시채용
(주)오픈메이트,사업관리 부문 PM 정규직 채용
(주)이호스트아이씨티,(주)이호스트아이씨티 전략영업 채용 공고
(주)헤리트,자바(Java) 서버 개발자 모집 - 에너지IoT솔루션 (병역특례가능)
(주)위고,"TA영업인력 및 Web, Mobile 서비스 기획 경력직 모집"
(주)이호스트아이씨티,"(주)이호스트아이씨티 ERP, CRM 개발 엔지니어 채용 공고"
㈜새롬정보시스템,[경력] AI(watson) 사업부문 Python 개발자 채용 공고
(주)티몬,[티몬]  검색 개발자
(주)티몬,[티몬]  추천 시스템 개발자
㈜로드와이즈,[인공지능]분야 머신러닝/c++ 연구개발자 모집(신입/경력/팀장)
모비두,"[소스라이브] 서비스 기획자, Front-End 개발자 外 부문별 채용"
엔터웨이파트너스,쇼핑앱 Product Owner (실장급)-국내 패션 모바일 커머스 기업
(주)휴먼트리월드와이드,[ 국내 Platform 솔루션 업체 ] Marketing  총괄/실장급
프로페셔날핸즈인핸즈코리아(주),05. 디지털 전략기획 (과장급) - 식품 제조유통사
인스피언(주),BackEnd 개발을 위한 Java 경력직 모집 (솔루션연구소 근무)
(주) 잡뉴스솔로몬서치,"딥러닝 기반 AI 모델 개발자 (대리-차장급), 서초구"
(주)모디엠,모바일 / 인공지능 클라우드 플랫폼 개발
(주)잡뉴스솔로몬서치,대기업 지주회사 빅테이터 플랫폼 기획 구축운영 과차장급
(주)핀업,C#서버 응용프로그램 개발자 모집
베스핀글로벌(주),MRP Consultant - 경력 7년 이상
(주)글로비즈,[정규직/전문연구요원] Backend/Frontend 개발자
(주)위즈커뮤니케이션즈,함.께. 성장하는 위즈 IoT 분야 백앤드 개발자 정규직 채용
인터리젠(주),"금융기관 내부통제, 준법감시 업무전문가를 모십니다."
(주)에이치알맨파워그룹,IT 대기업 SA (AWS) 경력 채용
글로벌소프트웨어캠퍼스(주),IT 교육 컨설턴트 채용(경력)
글로벌소프트웨어캠퍼스(주),IT 교육운영 담당자 채용
(주)엔센스코리아,[경력직] 영상인식 관련 딥러닝 모델 연구원 모집
(주)스튜디오엑스코,[정규직/계약직] 서버 개발 경력직 채용
디스이즈엔지니어링,[TIE] Android App Developer (안드로이드 앱 개발자) 채용
(주)유니코써치,[국내Major금융사] DA 3년이상 경력자 ASAP
지식시스템㈜ KSTEC Inc.,[KSTEC] 2020년 경력 사원 채용 (SW개발자)
굿어스데이터(주),Cloud 엔지니어 (경력 3년 이상)
(주)다비오,(주)다비오 기술연구센터 센터장(CTO) 채용
이마고웍스(주),딥러닝 기반 폴리곤 메쉬 프로세싱 모듈 및 알고리즘 개발
(주)다비오,(주)다비오 측위 연구원 : 모바일 개발자 채용
휴먼파워컨설팅 (주),물류대기업 - AI 비전 인식
(주)인코리아 프로페셔널(In Korea Professional),"[에너지] Platform 시스템 구축 PM 시스템엔지니어(SE), DW, DBA"
(주)프로매치코리아,(급) 디지털마케팅 - 퍼포먼스 마케팅 (팀장&시니어)
(주)휴먼트리월드와이드,대기업 모빌리티 맵 컨텐츠 기획자
(주)다비오,"(주)다비오 공간정보(GIS) 설계, 구축 담당자 채용"
(주)에코인사이트글로벌,제안서작성 & 정부과제 행정 업무
(주) 유비벨록스 모바일,"2020년 하반기 개발직(spring, web application) 공개 채용"
(주)한국씨엠씨,건설사업관리 IT시스템 개발자 모집 [경력]
(주)한국씨엠씨,건설사업관리 IT시스템 개발자 모집 [경력/신입]
미식의시대,Engineer(Android/React Native/React)
미식의시대,[미식의시대] QA Engineer
(주)나투,인공지능형 플랫폼 IOS개발자를 모집합니다. (경력자)
(주)피플앤커리어그룹,Digital Transformation 팀장급
(주)갤리언컨설팅그룹,[환경가전 전문기업] HR 시스템 담당자
라온서치,"대기업 경로탐색 교통정보 분석 (GIS, python, sql)"
(주)인큐브시스템,[유통대기업] IT전략 경력직 채용
(주)유엑스팩토리,소프트웨어 개발자를 찾습니다
유한책임회사딜리버리히어로코리아,[검색/추천] ML Engineer
유한책임회사딜리버리히어로코리아,[Sr.Specialist] RPA 운영 기획
(주)인큐브시스템,[대기업계열사]  Technical Architect 경력직 채용
유한책임회사딜리버리히어로코리아,[Specialist] 운영 자동화 개발
유비스 코리아,AR앱개발사 AI엔지니어
(주)스카우트파트너스,AI 경력 / 강화학습(Actor-Critic )을 활용한 모델 개발 경험
(주)리앤파트너,[AI기반 교육 플랫폼 기업] 디지털마케팅 리드
유한책임회사딜리버리히어로코리아,[Sr.Analyst] Business Intelligence Engineer
유어사이드(주),AI 기반 분석 플랫폼 개발 부문
에스에프인촌,AI / Machine Learning 분야 컨설턴트 채용 - 글로벌 컨설팅Firm
(주)탑앤스카우트,[전력기기 제조 강소기업] 정보DB화 포지션 모집
(주)인큐브시스템,[대기업 계열사] Java 개발 경력직 채용
(주)인큐브시스템,[대기업계열사]  솔루션 영업 경력직 채용
(주)인큐브시스템,[외국계대기업] 디지털 분석가(GA 기반 분석 담당)
(주)인큐브시스템,[외국계 대기업] 글로벌 회사 성과 분석 전문가 경력직 채용
이데아텍(주),플랫폼 R&D 및 서비스 개발 엔지니어 모집 (BigData / Java )
(주)애자일소다,AI전문기업 제품 기술지원 엔지니어 모집 (신입/경력)
(주)파운트,[핀테크] 파운트 프론트엔드 개발자 채용 (경력)
(주)써로마인드,인공지능 개발플랫폼 프로덕트 매니저 모십니다.
(주)슈프리마,[슈프리마] 인공 지능 알고리즘(Algorithm) 개발
파워에이치알,[주요 SI업체] Bigdata Platform Architect
브리스캔영어쏘시에이츠(주),CTO/CDO [커머스 출신 선호]
주식회사 이노서치,유망바이오기업 SW개발(2명)
주식회사 이노서치,유망바이오기업 생물정보학 & AI(머신 러닝) 박사급
(주)브레인커머스,[유망 AI 스타트업] Project Manager
테크온미디어(주),"병역특례(전문연구요원) 채용, 오피니언 마이닝 개발"
테크온미디어(주),JAVA서버개발자 경력직채용
반석써치(주),AI개발실장(임원) -코스닥상장기업
반석써치(주),(국내 대기업 지주회사) IT기획/관리 (과장-차장급)
(주)알세미,AI Research Scientist (정규직)
(주)액션파워,2020년 하반기 머신러닝(인공지능) 개발자 채용 공고
(주)뉴트리션코트,백엔드개발 경력직 채용
피트릭스,[현대자동차 사내벤처 (주)피트릭스] 영상인식 개발자 모집
커리어플래닛,국내 스마트에너지/전력 IT전문기업 - 정보DB화/정보화 컨설팅
(주)HR컨설팅그룹,딥러닝 연구 개발
라이트스텝스,[유니콘기업] 로봇 자율주행 소프트웨어 개발자
탑커리어인사이트,플랫폼 개발: AI 기반 분석/경력3년이상
(주)HR컨설팅그룹,[대기업분사 IT기업] ERP 개발 부문/AI 플랫폼 개발부문 채용
(주)피플케어코리아,분석엔진 개발 경력 채용합니다(정규직)
HR 킴벌리,최고기술책임자(CTO) - 국내 상장 온라인 기업
(주)제이엔제이 글로벌 컨설팅,AI 기반 분석 플랫폼 개발 부문
탑커리어인사이트,마케팅플랫폼 딥러닝엔지니어
오픈포지션,머신비전/ 영상처리 알고리즘 / 판교 / 스타트업
HeNny & McCoy,국내유명스타트업 - (영상인식기술+AI)/플래폼기획팀장
휴머레인컨설팅,"긴급) 대기업 - 회원 플랫폼 기술PM (회원,인증,멤버십,CRM 등)"
휴머레인컨설팅,"긴급) 회원 플랫폼 기술PM (회원,인증,멤버십,CRM 등) - 대기업"
휴머레인컨설팅,긴급) 머신러닝 엔지니어 (이커머스 분야) - 업계 최고 대기업
휴머레인컨설팅,긴급) 업계 최고 대기업 - 머신러닝 엔지니어 (이커머스 분야)
(주)와이즈케어,[연구개발팀] Front-end Developer 경력사원 채용
(주)피너클써치,Information Retrieval(정보검색) 연구원 - 3대금융 IT 대기업
(주)핀커스코리아,인공지능 의료솔루션 S/W 개발자(프론트엔드/백엔드/풀스택)
(주)핀커스코리아,외국계  -  웹사이트 분석  채용
마루느루,(주)마루느루(maruit) 브랜드매니저 채용
(주)메쉬코리아,[메쉬코리아(부릉)] AI/ML Engineer 경력직 채용
엘레멘트에너지코리아 주식회사,IOT Cloud (사물인터넷 클라우드) SW 개발자 모집(정규직)
(주)마키나락스,"[마키나락스] S/W Engineer/ ML / DS (정직원, 전문연구요원)"
(주)맨파워코리아,[외국계 디지털마케팅 기업] Engineer Team Leader(팀장)
(주)맨파워코리아,"[금융지주연구소] 블록체인 연구,분석"
(주)맨파워코리아,[외국계 SCM 기업] DevOps Engineer
(주)맨파워코리아,[국내 대형금융사] 기술임원 (CTO/CDO)-디지털혁신
AJ네트웍스(주),파렛트물류기획 경력 상시채용
엔에이치엔(주),[NHN] 머신러닝/딥러닝 연구 개발 채용(상시 Pool)
엔에이치엔(주),[NHN] 자바스크립트 개발 경력 채용(상시 Pool)
(주)솔트룩스,인공지능(AI) 전문기업 솔트룩스 - 자연어 처리
(주)솔트룩스,"솔트룩스 - 웹개발, 프론트엔드 개발자"
(주)자이오넥스,서울/부산 SCM 솔루션 컨설턴트 모집
(주)자이오넥스,AI 를 활용한 Supply Chain Management 솔루션 개발
(주)동훈아이텍,기술 보안 엔지니어 모집
(주)디리아,엘라스틱 스택 기술컨설팅 및 개발 경력자 채용
엠아이큐브솔루션(주),IT 컨설턴트(MES / EES / AI 분야) 모집
(주)스카우트,블록체인 사업개발
(주)칩스앤미디어,[Computer Vision] HW 엔지니어 모집
한국스코어링(주),AI 기반 업무자동화(RPA) 구현 신입 개발자 채용
(주)스카우트,국내그룹계열사-AI Engineer
씽크풀,[여의도] 정규직 로보 콘텐츠 개발자 채용
한국워터테크놀로지,IOT 프로그래머-아두이노 등 이용 기계장치 원격제어(서울 강남)
씽크풀,정규직 프로그래머 채용 (육아 병행 및 장기 근무 가능 환경   )
(주)승화기술정책연구소,[판교/연구소] 철도해양팀 소프트웨어 엔지니어 모집 공고
현대엠엔소프트,[계약직] 센터 서비스 모니터링 및 배포(3교대)
로지포커스(주),지능물류융합연구소 물류 IT 관련 정부과제 기획 및 수행자 채용
에스피테크놀러지(주),에스피테크놀러지(주) Java 개발자 경력직 모집
(주)카젠,자동차 contents 관리자 모집
(주)스마트코어,2020년 하반기 영상처리 알고리즘 및 응용프로그램 개발 모집
(주)모디엠,ROS 기반의 uRobot 테스트 자동화 시스템 개발
(주)잡뉴스솔로몬서치,"대기업) AI 기반 지게차 Solution 개발 (대리-과장), 인천시"
베스핀글로벌(주),Solution Architect (AWS)  - 경력 5년 이상
베스핀글로벌(주),Cloud Security Service 개발 - 주니어(경력 3년 미만)
베스핀글로벌(주),Cloud Security Service 개발 - 시니어(경력 5년 이상)
(주)비트나인,[비트나인]  Web Application 개발 경력직 채용
(주)쏘우웨이브,[주식회사쏘우웨이브] 서버S/W 개발자  모집
㈜에이치알맨파워그룹,MEC 솔루션 개발 - 대기업 계열 IT 서비스 개발 운용사
㈜에이치알맨파워그룹,AI 개발 PL - 대기업 계열 IT 서비스 개발 운용사
(주)에이치알맨파워그룹,영상인식 알고리즘 개발 전문가(석/박사급) 모집
(주)에이치알맨파워그룹,IT 대기업 퍼블릭 클라우드 매니지드 서비스 경력 채용
HR컨설팅(주),[대기업/IT] AI 로봇 단말 SW 공통화 모듈 개발
(주)엔센스코리아,[경력] 객체 검출 및 추적 / 행동 인식 분야 연구원 모집
(주)코레이즈홀딩스,"[코레이즈] H/W, S/W 영업 및 납품 (경력 5년 이상)"
(주)마인즈앤컴퍼니,[정규직] Python/Java Backend/Frontend 엔지니어
(주)엠투아이티,TA 및 인프라 운영 채용
(주)앱테스트에이아이,인공지능 앱 테스트 자동화 서비스 - 웹개발자 모집 공고
(주)코그넥스코리아,(주)코그넥스코리아 Sr. Software Engineer 경력직 채용
(주)워트인텔리전스,글로벌 특허검색 웹서비스 백엔드 경력개발자
(주)채움씨앤아이,[도서관솔루션1위] 자체/신규 솔루션 JAVA개발자
넷마블넥서스(주),[넷마블 넥서스] 세븐나이츠2 JAVA/BigQuery 개발자 경력사원 채
디스이즈엔지니어링,[TIE] Linux Software Developer 리눅스 소프트웨어 개발자
디스이즈엔지니어링,[TIE] Junior Robotics Engineer (로보틱스 엔지니어) 채용
디스이즈엔지니어링,[TIE] Hardware Engineer (하드웨어 엔지니어) 채용
디스이즈엔지니어링,[TIE] Mechanical Design Engineer (기구 설계 엔지니어) 채용
데이터플로,"모바일(안드로이드) 앱 및 웹 개발 (정규직,계약직,프리랜서)"
데이터플로,"Java,  웹 프로그래밍  채용 (정규직,계약직,프리랜서)"
무빙키,"FiguAR.com 증강현실(AR) 서비스 개발자(풀스택, 백엔드)"
(주)에바,자율주행 SW 개발 채용 (정규직)
이마고웍스(주),딥러닝 기반 의료영상 이미지 처리 모듈 및 알고리즘 개발
(주)에코카,"디자인 담당자 채용(홈페이지, SNS, 홍보물)"
(주)에바,"컴퓨터 비젼, 영상처리 개발자 (정규직)"
(주)피에스알 미디어,AI 광고 플랫폼 개발자 경력자
(주)휴먼트리월드와이드,대기업 모빌리티 DevOps Engineer
(주)쏠단,환경측정센서 제작 프로젝트(서울대와 공동 연구개발) 팀원모집
블루닷 주식회사,딥러닝 알고리즘 엔지니어
(주)엘로이랩,인공지능/AI/강화학습/Reinforcement learning/제어/로봇/머신
(주)엘로이랩,제어/로봇/머신/통신 프로토콜/시스템/ROS  SW개발자 채용
(주)크레스프리,Industrial IoT 플랫폼 서버 및 백엔드 개발자 채용
(주)크레스프리,AI 기반 영상 분석 개발자 채용
헬로우파트너스,"전장 대기업 AI, Deeplearning 기반 검사기 개발 엔지니어 채용"
주식회사 블록스미스,웹/앱 서비스 초급 개발자 정규직 채용
트래블라이(주),"[알루 서비스 개발팀]  서버 경력 채용 - Backend, Front 개발자"
글로벌산업기술교육원,[웹개발 강의] JAVA JSP 활용 웹 프로그래밍 직업훈련 강사 구인
(주)휴먼아이,[자율시차출퇴근제] ai인공지능 영상분석 채용(동료 구인중) : )
(주)펫핀스,연구소장 CTO 경력 모집(정규직)
유한책임회사딜리버리히어로코리아,검색운영 (Discovery)
(주)인큐브시스템,[대기업 계열사] Solution Arch.(PM)
(주)인큐브시스템,[대기업 계열사] Cloud 컨설팅
(주)인큐브시스템,[대기업 계열사] Solution Arch.(MSA)
에임커리어(주),머신 비전/AI 딥러닝 기반의 알고리즘 개발
(주)스카우트파트너스,국내 최고 금융사 기업가치 평가 회계사 ( 2~7년차 )
(주)스카우트파트너스,[국내 이커머스 기업]머신러닝 모델러
유니티 테크놀로지스 코리아,[유니티 코리아] Simulations and AI Engineer 채용
커리어커넥트(주),[서울 강남구] 우량 IT스타트업 파이썬 프로그래머 경력직 모집
주식회사 라온서치,ADAS 관련 Field Application Engineer 모집(독일근무)
주식회사 라온서치,[유수의 IT벤쳐기업]  Al/Deep Learning Engineer채용(2년~10년)
주식회사 라온서치,[업계 유수의 IT벤쳐기업] 플랫폼 엔지니어 모집
주식회사 라온서치,자율 주행 시뮬레이션 Algorithm Engineer모집(2년~10년)
유비스 코리아,딥러닝 AI 대리과장급 채용
(주)스카우트파트너스,머신비전시스템전문기업 Deep Learning 영상처리 연구개발 채용
주식회사 라온서치,ADAS 관련 Field Application Engineer (독일근무)
라온서치,"AI 모듈 ( 딥러닝, 머신러닝 ) 설계 및 Serving 플랫폼 연구개발"
주식회사 라온서치,[업계 유수의 IT벤쳐기업]  플랫폼 엔지니어
라온서치,"금융대기업 (연구소) NLP (Text Mining) 경력자, 석사이상"
주식회사 라온서치,자율 주행 시뮬레이션 Algorithm Engineer 채용
주식회사 라온서치,Al / Deep Learning Engineer 채용
(주)휴먼아이,[시차출퇴][재공고] AI개발-분석서버/알고리즘 채용 (영상분석)
(주)보고넷,GUI 소프트웨어 개발자
(주)모두의연구소,AI Research & Contents 팀원 모집
(주)코인트컴퍼니,시스템개발 / 컨설팅 지원인력 채용
(주)아이옵스테크놀러지,Java·JSP/Java / MSA 개발 정규직 모집 공고 - 경력사원
킹슬리벤처스,"인공지능 개발, 헬스케어 전문 창업희망자 모집"
한스컨설팅,송파구 위치 대기업 계열 인터넷 쇼핑몰 검색서비스개발
(주)어니언스,앱 서비스 Django 백엔드 개발자 경력 채용(정규직)
한스컨설팅,송파구 위치 대기업 계열 인터넷 쇼핑몰 전시매장 운영개발
한스컨설팅,영등포위치 국내 1위 구매SCM솔루션기업 클라우드개발 대리과장
한스컨설팅,송파구 위치 대기업 계열 인터넷 쇼핑몰 웹어플리케이션개발
한스컨설팅,송파구 위치 대기업 계열 인터넷 쇼핑몰 프로세스 시스템개발
오이스터에이블(주),지구를 구하는 영웅을 위하여- 개발자를 찾습니다.
로버트월터스코리아(주),[글로벌/소프트웨어/엔지니어] Computer Vision Engineer
(주)써로마인드,인공지능으로 직무전환을 원하시는 백엔드 개발자 모십니다.
(주)써로마인드,인공지능으로 직무전환을 원하시는 프론트엔드 개발자 모십니다.
제이케이서치 주식회사,코스닥 상장 글로벌 기업  계열사 제어 소프트웨어 개발자 채용
(주)브레인커머스,딥러닝 기반 영상인식 임베디드 통합개발(ADAS)
아도바(주),아도바(주) 프로젝트 개발자 채용합니다.
위키에이드,[신입/병특/경력] 영상처리 / 머신비전 엔지니어
(주)이몰디노,소프트웨어 솔루션 기획 설계 및 개발
(주)브레인커머스,[유망 AI 스타트업] Machine Learning Engineer
주식회사 스타랩스,(주)스타랩스 IT 각 웹개발 / TA / AA  경력 채용
테크온미디어(주),"병역특례(전문연구요원) 채용, 머신러닝/딥러닝개발"
반석써치(주),AI개발팀(과장-차장) -코스닥상장기업
KY컨설팅그룹,인공지능 영상분석 스타트업 컴퓨터비전 및 AI 엔지니어 모집
시와소프트(주),"RPA , 성능테스트부문 SW 엔지니어 모집합니다"
Astounding,딥러닝 OCR 연구를 함께 하실 연구원을 찾습니다
(주)투디지트,"서버 개발자(Back End) 경력 정규직 채용 (Python, Javascript)"
(주)네이앤컴퍼니,딥러닝 엔지니어 채용(경력 2년 이상)
엠오티,웹개발&응용프로그램개발 외 1개 부문 담당자 채용
(주)디엠랩,언리얼 Unreal 개발자 모집 [AI 소셜 로봇]
디케이지앤씨(주),RPA 기술영업(Pre-sales) 및 기술개발자 모집공고
굿커리어,"중견기업 머신비젼장비 SW개발 팀원,팀장급 구함(굿커리어)"
(주)디엠랩,"자연어처리, NLP, 챗봇 연구원 모집 [AI 소셜 로봇]"
맨파워스카우트,대기업 AI 전문가
(주)소셜써치코리아,질병검사 전문기관 의료 이미지 AI 딥러닝 담당 경력 2년 이상
굿커리어,"대기업 Audio,Video 코덱,스트리밍 SW개발 대리,과장,차장급"
나우써치,[외국계 한국법인] Cloud Software Engineer (5~15년)
(주)피플케어코리아,"(경력) 인공지능(AI), 머신러닝, Python外 정규직 채용"
(주)HR컨설팅그룹,어플리케이션 개발(대기업 계열사)
이문원한의원,웹디자인/동영상·편집·코덱外 1개 부문 담당자 채용
(주)브이비젼,[AI 머신비전 시스템기업] 머신비전/ AI딥러닝 담당 (병특가능)
(주)브이비젼,[AI 머신비전 시스템기업] 딥러닝 R&D (판교)
(주)조인스에이치알코리아,머신비전 SW 개발 (대리-부장급)
에이치알포유(주),[임플란트 전문 중견기업] 머신러닝/딥러닝 의료용 SW개발 경력
피엔씨서치,[중견 IT기업]클라우드 Pre-Sales(쿠버네티스 기반 PaaS)
(주)HR컨설팅그룹,(코스닥상장사) Python/리눅스/API 디자인 및 개발
(주)투비파트너즈,(국내 대기업) IoT플랫폼 개발
(주)투비파트너즈,(국내 대기업) 회원관리 플랫폼 개발
휴머레인컨설팅,긴급) 업계 최고 대기업 - Cloud System Engineer  - 최우대
휴머레인컨설팅,긴급) Cloud System Engineer - 업계 최고 대기업 - 최우대
휴머레인컨설팅,긴급) 업계 최고 대기업 - Cloud Infra Platform Architect
휴머레인컨설팅,긴급) Cloud Infra Platform Architect - 업계 최고 대기업
휴머레인컨설팅,긴급) 최고 대기업 - 플랫폼 기술PM - 최우대
휴머레인컨설팅,긴급) 국내 대기업 계열사 - DevOps Engineer (5년 이상)-최우대
휴머레인컨설팅,긴급) 플랫폼 기술PM - 최고 대기업 - 최우대
휴머레인컨설팅,긴급) DevOps Engineer (5년 이상) - 국내 대기업 계열사-최우대
(주)미니소프트,[정규직] 챗봇 솔루션 개발 연구원 모집
(주)비카누스,[제품개발연구소] 영상처리 경력 개발자 채용
메이븐코리아(주),"RPA 엔지니어, RPA 프로세스 디자이너 모집 (신입/경력)"
㈜한국마스터,[성수] [기술연구소] Java 솔루션 개발(컴퓨터 비전 검사)
(주)피너클써치,NLP (자연어처리) Text Mining 연구원 - 3대금융 IT 대기업
(주)핀커스코리아,기간계 분석파트 리더/개발(정규직) - 대기업 SI계열사
(주)팬토믹스,소프트웨어 분야 채용에 많이 지원해 주세요 (정규직/경력무관)
부동산일일사(주),부동산데이터 구축 담당 직원 모집
TIS정보기술교육센터,[강사채용]주말반 강의(파이썬/R/빅데이터분석)
(주)너드소프트,빅데이터 담당자 채용(자동차 분야 1위)
한국직업전문학교,빅데이터 자바 직업훈련교사
(주)페퍼저축은행,페퍼저축은행 소매여신리스크관리본부 채용공고
주식회사 코리아정보보안아이티아카데미신촌,"프로그래밍(C, 파이썬, 자바, 안드로이드 등) 강사 채용"
